country,kf_count,source
US,51,kf_api
CN,33,kf_api
JP,45,kf_api
VN,55,kf_api
TH,52,kf_api
ID,31,kf_api
IN,29,kf_api
MY,35,kf_api
FR,55,kf_api
GB,30,kf_api
BR,40,kf_api
AR,60,kf_api
AE,45,kf_api
TR,40,kf_api
ZA,30,kf_api
